{"stats":{"minecraft:used":{"minecraft:oak_log":26,"minecraft:black_terracotta":186,"minecraft:oak_fence":4,"minecraft:light":157,"minecraft:grass_block":138,"minecraft:oak_stairs":110,"minecraft:spruce_slab":6,"minecraft:oak_planks":246,"minecraft:oak_sign":3,"minecraft:light_gray_carpet":2,"minecraft:white_concrete_powder":1,"minecraft:chest":23,"minecraft:item_frame":2,"minecraft:oak_door":5,"minecraft:torch":3,"minecraft:orange_carpet":9,"minecraft:cobblestone":99,"minecraft:oak_slab":13,"minecraft:crafting_table":5,"minecraft:spruce_stairs":20,"minecraft:glass_pane":8,"minecraft:white_concrete":175,"minecraft:painting":275,"minecraft:magenta_carpet":6,"minecraft:jukebox":1},"minecraft:picked_up":{"minecraft:black_terracotta":1,"minecraft:oak_door":1},"minecraft:dropped":{"minecraft:oak_slab":1,"minecraft:crafting_table":1,"minecraft:chest":1,"minecraft:black_terracotta":2,"minecraft:oak_stairs":2,"minecraft:oak_planks":1,"minecraft:painting":1,"minecraft:white_concrete_powder":1,"minecraft:oak_sign":1,"minecraft:grass_block":1,"minecraft:glass_pane":1,"minecraft:stick":1,"minecraft:light":1},"minecraft:custom":{"minecraft:time_since_rest":58330,"minecraft:sprint_one_cm":4709,"minecraft:walk_one_cm":62772,"minecraft:drop":15,"minecraft:fly_one_cm":182897,"minecraft:open_chest":3,"minecraft:crouch_one_cm":13622,"minecraft:play_time":58330,"minecraft:sneak_time":4437,"minecraft:jump":82,"minecraft:leave_game":1,"minecraft:time_since_death":58330,"minecraft:total_world_time":61031}},"DataVersion":2865}